state,year,county,mi_wgwto,mi_wtotl
AZ,2015,Apache County,0,0
AZ,2015,Cochise County,0.02,0.02
AZ,2015,Coconino County,0.02,0.02
AZ,2015,Gila County,13,13
AZ,2015,Graham County,2.16,2.16
AZ,2015,Greenlee County,5.22,5.22
AZ,2015,La Paz County,0,0
AZ,2015,Maricopa County,3.5,3.5
AZ,2015,Mohave County,0.22,0.22
AZ,2015,Navajo County,1.42,1.42
AZ,2015,Pima County,25.58,25.58
AZ,2015,Pinal County,2.08,2.08
AZ,2015,Santa Cruz County,0.25,0.25
AZ,2015,Yavapai County,14.79,14.79
AZ,2015,Yuma County,0.08,0.08
AZ,2010,Apache County,0,0
AZ,2010,Cochise County,0.03,0.03
AZ,2010,Coconino County,0.01,0.01
AZ,2010,Gila County,19.88,19.88
AZ,2010,Graham County,2.23,2.23
AZ,2010,Greenlee County,3.38,3.38
AZ,2010,La Paz County,0,0
AZ,2010,Maricopa County,7.91,7.91
AZ,2010,Mohave County,0.01,0.01
AZ,2010,Navajo County,1.05,1.05
AZ,2010,Pima County,31.92,31.92
AZ,2010,Pinal County,1.36,1.36
AZ,2010,Santa Cruz County,0.14,0.14
AZ,2010,Yavapai County,18.58,18.58
AZ,2010,Yuma County,0.11,0.11
AZ,2005,Apache County,0.02,0.02
AZ,2005,Cochise County,0.18,0.18
AZ,2005,Coconino County,0.08,0.08
AZ,2005,Gila County,18.42,18.47
AZ,2005,Graham County,0.17,0.17
AZ,2005,Greenlee County,7.25,15.89
AZ,2005,La Paz County,0.27,0.27
AZ,2005,Maricopa County,6.89,7.01
AZ,2005,Mohave County,0.2,0.2
AZ,2005,Navajo County,4.26,4.26
AZ,2005,Pima County,34.66,34.66
AZ,2005,Pinal County,3.7,3.94
AZ,2005,Santa Cruz County,0.11,0.11
AZ,2005,Yavapai County,17.25,17.25
AZ,2005,Yuma County,0.7,0.7
AZ,2000,Apache County,0.01,0.01
AZ,2000,Cochise County,0.26,0.26
AZ,2000,Coconino County,0.01,0.01
AZ,2000,Gila County,1.91,2.12
AZ,2000,Graham County,0.17,0.17
AZ,2000,Greenlee County,14.76,18.92
AZ,2000,La Paz County,0,0
AZ,2000,Maricopa County,8.76,8.81
AZ,2000,Mohave County,0.43,0.43
AZ,2000,Navajo County,4.35,4.35
AZ,2000,Pima County,35.95,35.95
AZ,2000,Pinal County,2.93,2.94
AZ,2000,Santa Cruz County,0.02,0.02
AZ,2000,Yavapai County,19.72,19.72
AZ,2000,Yuma County,0.14,0.14
AZ,1995,Apache County,0,0
AZ,1995,Cochise County,0.27,0.27
AZ,1995,Coconino County,0,0
AZ,1995,Gila County,8.15,22.32
AZ,1995,Graham County,0,0
AZ,1995,Greenlee County,12.28,23.78
AZ,1995,La Paz County,0,0
AZ,1995,Maricopa County,4.47,4.47
AZ,1995,Mohave County,19.75,19.75
AZ,1995,Navajo County,4.37,4.4
AZ,1995,Pima County,35.39,36.5
AZ,1995,Pinal County,21.87,22.04
AZ,1995,Santa Cruz County,0.12,0.37
AZ,1995,Yavapai County,24.39,24.4
AZ,1995,Yuma County,0,0
AZ,1990,Apache County,3.49,4.6
AZ,1990,Cochise County,3.49,4.6
AZ,1990,Coconino County,3.49,4.6
AZ,1990,Gila County,3.49,4.6
AZ,1990,Graham County,3.49,4.6
AZ,1990,Greenlee County,3.49,4.6
AZ,1990,La Paz County,3.49,4.6
AZ,1990,Maricopa County,3.49,4.6
AZ,1990,Mohave County,3.49,4.6
AZ,1990,Navajo County,3.49,4.6
AZ,1990,Pima County,3.49,4.6
AZ,1990,Pinal County,3.49,4.6
AZ,1990,Santa Cruz County,3.49,4.6
AZ,1990,Yavapai County,3.49,4.6
AZ,1990,Yuma County,3.49,4.6
AZ,1985,Apache County,3.49,4.6
AZ,1985,Cochise County,3.49,4.6
AZ,1985,Coconino County,3.49,4.6
AZ,1985,Gila County,3.49,4.6
AZ,1985,Graham County,3.49,4.6
AZ,1985,Greenlee County,3.49,4.6
AZ,1985,La Paz County,3.49,4.6
AZ,1985,Maricopa County,3.49,4.6
AZ,1985,Mohave County,3.49,4.6
AZ,1985,Navajo County,3.49,4.6
AZ,1985,Pima County,3.49,4.6
AZ,1985,Pinal County,3.49,4.6
AZ,1985,Santa Cruz County,3.49,4.6
AZ,1985,Yavapai County,3.49,4.6
AZ,1985,Yuma County,3.49,4.6
CA,2015,Alameda County,4.3,4.3
CA,2010,Alameda County,2.68,2.68
CA,2005,Alameda County,4.68,4.68
CA,2000,Alameda County,0.09,0.09
CA,1995,Alameda County,0.1,0.1
CA,1990,Alameda County,3.49,4.6
CA,1985,Alameda County,3.49,4.6
CA,2015,Alpine County,0.02,0.02
CA,2010,Alpine County,0.01,0.01
CA,2005,Alpine County,0,0
CA,2000,Alpine County,0,0
CA,1995,Alpine County,0,0
CA,1990,Alpine County,3.49,4.6
CA,1985,Alpine County,3.49,4.6
CA,2015,Amador County,0.49,1.95
CA,2010,Amador County,0.14,0.56
CA,2005,Amador County,0.1,0.4
CA,2000,Amador County,0,0
CA,1995,Amador County,0.01,0.04
CA,1990,Amador County,3.49,4.6
CA,1985,Amador County,3.49,4.6
CA,2015,Butte County,1.46,1.46
CA,2010,Butte County,0.24,0.24
CA,2005,Butte County,0.38,0.38
CA,2000,Butte County,0,0
CA,1995,Butte County,0,0
CA,1990,Butte County,3.49,4.6
CA,1985,Butte County,3.49,4.6
CA,2015,Calaveras County,0,0.02
CA,2010,Calaveras County,0,0.04
CA,2005,Calaveras County,0.01,0.12
CA,2000,Calaveras County,0,0
CA,1995,Calaveras County,0,0
CA,1990,Calaveras County,3.49,4.6
CA,1985,Calaveras County,3.49,4.6
CA,2015,Colusa County,0,0
CA,2010,Colusa County,0,0
CA,2005,Colusa County,0.03,0.03
CA,2000,Colusa County,0,0
CA,1995,Colusa County,0,0
CA,1990,Colusa County,3.49,4.6
CA,1985,Colusa County,3.49,4.6
CA,2015,Contra Costa County,0.81,0.81
CA,2010,Contra Costa County,0.5,0.5
CA,2005,Contra Costa County,2.64,2.64
CA,2000,Contra Costa County,0,0
CA,1995,Contra Costa County,0,0
CA,1990,Contra Costa County,3.49,4.6
CA,1985,Contra Costa County,3.49,4.6
CA,2015,Del Norte County,0,0
CA,2010,Del Norte County,0.02,0.02
CA,2005,Del Norte County,0.1,0.11
CA,2000,Del Norte County,0,0
CA,1995,Del Norte County,0,0
CA,1990,Del Norte County,3.49,4.6
CA,1985,Del Norte County,3.49,4.6
CA,2015,El Dorado County,0.02,0.02
CA,2010,El Dorado County,0.05,0.06
CA,2005,El Dorado County,0.18,0.21
CA,2000,El Dorado County,0,0
CA,1995,El Dorado County,0,0
CA,1990,El Dorado County,3.49,4.6
CA,1985,El Dorado County,3.49,4.6
CA,2015,Fresno County,7.82,7.88
CA,2010,Fresno County,7.06,7.27
CA,2005,Fresno County,8.4,9.34
CA,2000,Fresno County,3.61,5.29
CA,1995,Fresno County,9.33,11.01
CA,1990,Fresno County,3.49,4.6
CA,1985,Fresno County,3.49,4.6
CA,2015,Glenn County,0.28,0.28
CA,2010,Glenn County,0.26,0.26
CA,2005,Glenn County,0.44,0.44
CA,2000,Glenn County,0.02,0.02
CA,1995,Glenn County,0,0
CA,1990,Glenn County,3.49,4.6
CA,1985,Glenn County,3.49,4.6
CA,2015,Humboldt County,0.32,0.36
CA,2010,Humboldt County,0.24,0.27
CA,2005,Humboldt County,0.29,0.33
CA,2000,Humboldt County,0,0
CA,1995,Humboldt County,0,0
CA,1990,Humboldt County,3.49,4.6
CA,1985,Humboldt County,3.49,4.6
CA,2015,Imperial County,9.31,9.31
CA,2010,Imperial County,6.18,6.18
CA,2005,Imperial County,1.43,1.43
CA,2000,Imperial County,1,1
CA,1995,Imperial County,1.14,1.14
CA,1990,Imperial County,3.49,4.6
CA,1985,Imperial County,3.49,4.6
CA,2015,Inyo County,0,0.83
CA,2010,Inyo County,0,1.29
CA,2005,Inyo County,0,0.49
CA,2000,Inyo County,0,0
CA,1995,Inyo County,0,59.19
CA,1990,Inyo County,3.49,4.6
CA,1985,Inyo County,3.49,4.6
CA,2015,Kern County,108.51,108.51
CA,2010,Kern County,92.66,92.66
CA,2005,Kern County,93.94,93.94
CA,2000,Kern County,78.97,78.97
CA,1995,Kern County,52.57,52.57
CA,1990,Kern County,3.49,4.6
CA,1985,Kern County,3.49,4.6
CA,2015,Kings County,0,0
CA,2010,Kings County,0.02,0.02
CA,2005,Kings County,0.02,0.02
CA,2000,Kings County,0.03,0.03
CA,1995,Kings County,0.01,0.01
CA,1990,Kings County,3.49,4.6
CA,1985,Kings County,3.49,4.6
CA,2015,Lake County,0.19,0.22
CA,2010,Lake County,0.11,0.13
CA,2005,Lake County,0.11,0.13
CA,2000,Lake County,0,0
CA,1995,Lake County,0,0
CA,1990,Lake County,3.49,4.6
CA,1985,Lake County,3.49,4.6
CA,2015,Lassen County,0.3,0.34
CA,2010,Lassen County,0.07,0.08
CA,2005,Lassen County,0.07,0.08
CA,2000,Lassen County,0,0
CA,1995,Lassen County,0,0
CA,1990,Lassen County,3.49,4.6
CA,1985,Lassen County,3.49,4.6
CA,2015,Los Angeles County,107.38,107.38
CA,2010,Los Angeles County,94.42,94.42
CA,2005,Los Angeles County,87.06,87.06
CA,2000,Los Angeles County,54.71,54.71
CA,1995,Los Angeles County,43.67,43.67
CA,1990,Los Angeles County,3.49,4.6
CA,1985,Los Angeles County,3.49,4.6
CA,2015,Madera County,0.01,0.01
CA,2010,Madera County,0,0
CA,2005,Madera County,0,0
CA,2000,Madera County,0,0
CA,1995,Madera County,0,0
CA,1990,Madera County,3.49,4.6
CA,1985,Madera County,3.49,4.6
CA,2015,Marin County,0.02,0.03
CA,2010,Marin County,0.08,0.1
CA,2005,Marin County,0.1,0.12
CA,2000,Marin County,0,0
CA,1995,Marin County,0,0
CA,1990,Marin County,3.49,4.6
CA,1985,Marin County,3.49,4.6
CA,2015,Mariposa County,0.04,0.05
CA,2010,Mariposa County,0,0
CA,2005,Mariposa County,0,0
CA,2000,Mariposa County,0,0
CA,1995,Mariposa County,0,0
CA,1990,Mariposa County,3.49,4.6
CA,1985,Mariposa County,3.49,4.6
CA,2015,Mendocino County,0.14,0.17
CA,2010,Mendocino County,0.11,0.13
CA,2005,Mendocino County,0.18,0.21
CA,2000,Mendocino County,0,0
CA,1995,Mendocino County,0,0
CA,1990,Mendocino County,3.49,4.6
CA,1985,Mendocino County,3.49,4.6
CA,2015,Merced County,0.64,0.74
CA,2010,Merced County,0.59,0.68
CA,2005,Merced County,1.13,1.3
CA,2000,Merced County,0,0
CA,1995,Merced County,0,0
CA,1990,Merced County,3.49,4.6
CA,1985,Merced County,3.49,4.6
CA,2015,Modoc County,0.06,0.08
CA,2010,Modoc County,0.03,0.04
CA,2005,Modoc County,0.03,0.04
CA,2000,Modoc County,0,0
CA,1995,Modoc County,0,0
CA,1990,Modoc County,3.49,4.6
CA,1985,Modoc County,3.49,4.6
CA,2015,Mono County,0.02,0.02
CA,2010,Mono County,0.07,0.08
CA,2005,Mono County,0.1,0.11
CA,2000,Mono County,0,0
CA,1995,Mono County,0,0
CA,1990,Mono County,3.49,4.6
CA,1985,Mono County,3.49,4.6
CA,2015,Monterey County,6.61,6.61
CA,2010,Monterey County,4.99,4.99
CA,2005,Monterey County,3.47,3.47
CA,2000,Monterey County,0.21,0.21
CA,1995,Monterey County,2.28,2.28
CA,1990,Monterey County,3.49,4.6
CA,1985,Monterey County,3.49,4.6
CA,2015,Napa County,0,0
CA,2010,Napa County,0,0.24
CA,2005,Napa County,0,0.11
CA,2000,Napa County,0,0.56
CA,1995,Napa County,1.2,1.84
CA,1990,Napa County,3.49,4.6
CA,1985,Napa County,3.49,4.6
CA,2015,Nevada County,0.33,0.38
CA,2010,Nevada County,0.31,0.36
CA,2005,Nevada County,0.51,0.59
CA,2000,Nevada County,0,0
CA,1995,Nevada County,0,0
CA,1990,Nevada County,3.49,4.6
CA,1985,Nevada County,3.49,4.6
CA,2015,Orange County,11.86,11.86
CA,2010,Orange County,8.48,8.48
CA,2005,Orange County,10.64,10.64
CA,2000,Orange County,5.81,5.81
CA,1995,Orange County,5.44,5.44
CA,1990,Orange County,3.49,4.6
CA,1985,Orange County,3.49,4.6
CA,2015,Placer County,0.26,0.3
CA,2010,Placer County,0.07,0.08
CA,2005,Placer County,0.69,0.79
CA,2000,Placer County,0,0
CA,1995,Placer County,0,0
CA,1990,Placer County,3.49,4.6
CA,1985,Placer County,3.49,4.6
CA,2015,Plumas County,0.27,0.29
CA,2010,Plumas County,0.12,0.13
CA,2005,Plumas County,0.1,0.11
CA,2000,Plumas County,0,0
CA,1995,Plumas County,0,0
CA,1990,Plumas County,3.49,4.6
CA,1985,Plumas County,3.49,4.6
CA,2015,Riverside County,0,11.44
CA,2010,Riverside County,0,7.35
CA,2005,Riverside County,0,12.6
CA,2000,Riverside County,0,0.27
CA,1995,Riverside County,1.22,1.22
CA,1990,Riverside County,3.49,4.6
CA,1985,Riverside County,3.49,4.6
CA,2015,Sacramento County,2.18,2.18
CA,2010,Sacramento County,2.3,2.3
CA,2005,Sacramento County,5.35,5.35
CA,2000,Sacramento County,0,0
CA,1995,Sacramento County,0.99,0.99
CA,1990,Sacramento County,3.49,4.6
CA,1985,Sacramento County,3.49,4.6
CA,2015,San Benito County,0.04,0.28
CA,2010,San Benito County,0.09,0.59
CA,2005,San Benito County,0.16,1.02
CA,2000,San Benito County,0.02,0.13
CA,1995,San Benito County,0.24,0.35
CA,1990,San Benito County,3.49,4.6
CA,1985,San Benito County,3.49,4.6
CA,2015,San Bernardino County,9.98,9.98
CA,2010,San Bernardino County,8.63,8.63
CA,2005,San Bernardino County,23.67,23.67
CA,2000,San Bernardino County,13.1,13.1
CA,1995,San Bernardino County,35.77,35.77
CA,1990,San Bernardino County,3.49,4.6
CA,1985,San Bernardino County,3.49,4.6
CA,2015,San Diego County,2.57,2.97
CA,2010,San Diego County,1.49,1.72
CA,2005,San Diego County,3.74,4.32
CA,2000,San Diego County,0,0
CA,1995,San Diego County,0,0
CA,1990,San Diego County,3.49,4.6
CA,1985,San Diego County,3.49,4.6
CA,2015,San Francisco County,0.07,0.08
CA,2010,San Francisco County,0.05,0.06
CA,2005,San Francisco County,0.23,0.26
CA,2000,San Francisco County,0,0
CA,1995,San Francisco County,0,0
CA,1990,San Francisco County,3.49,4.6
CA,1985,San Francisco County,3.49,4.6
CA,2015,San Joaquin County,1.85,1.85
CA,2010,San Joaquin County,1.3,1.3
CA,2005,San Joaquin County,5.86,5.86
CA,2000,San Joaquin County,0.01,0.01
CA,1995,San Joaquin County,2.88,2.88
CA,1990,San Joaquin County,3.49,4.6
CA,1985,San Joaquin County,3.49,4.6
CA,2015,San Luis Obispo County,1,1
CA,2010,San Luis Obispo County,0.78,0.78
CA,2005,San Luis Obispo County,2.37,2.37
CA,2000,San Luis Obispo County,0.53,0.53
CA,1995,San Luis Obispo County,0.18,0.18
CA,1990,San Luis Obispo County,3.49,4.6
CA,1985,San Luis Obispo County,3.49,4.6
CA,2015,San Mateo County,0,0
CA,2010,San Mateo County,0.09,0.09
CA,2005,San Mateo County,0.15,0.15
CA,2000,San Mateo County,0,0
CA,1995,San Mateo County,0,0
CA,1990,San Mateo County,3.49,4.6
CA,1985,San Mateo County,3.49,4.6
CA,2015,Santa Barbara County,6.89,6.89
CA,2010,Santa Barbara County,5.76,5.77
CA,2005,Santa Barbara County,7.31,7.43
CA,2000,Santa Barbara County,9.03,9.39
CA,1995,Santa Barbara County,3.52,3.53
CA,1990,Santa Barbara County,3.49,4.6
CA,1985,Santa Barbara County,3.49,4.6
CA,2005,Santa Clara County,0.77,0.88
CA,1995,Santa Clara County,0,0
CA,2015,Santa Clara County,0,0
CA,2010,Santa Clara County,0.42,0.48
CA,2000,Santa Clara County,0,0
CA,1990,Santa Clara County,3.49,4.6
CA,1985,Santa Clara County,3.49,4.6
CA,2005,Santa Cruz County,0.87,1
CA,1995,Santa Cruz County,0,0
CA,2015,Santa Cruz County,0.43,0.5
CA,2010,Santa Cruz County,0.12,0.14
CA,2000,Santa Cruz County,0,0
CA,1990,Santa Cruz County,3.49,4.6
CA,1985,Santa Cruz County,3.49,4.6
CA,2005,Santa Cruz County,1.04,1.2
CA,1995,Santa Cruz County,0,0
CA,2015,Santa Cruz County,0.77,0.89
CA,2010,Santa Cruz County,0.59,0.68
CA,2000,Santa Cruz County,0,0
CA,1990,Santa Cruz County,3.49,4.6
CA,1985,Santa Cruz County,3.49,4.6
CA,2005,Sierra County,0,0
CA,1995,Sierra County,0,0
CA,2015,Sierra County,0,0
CA,2010,Sierra County,0,0
CA,2000,Sierra County,0,0
CA,1990,Sierra County,3.49,4.6
CA,1985,Sierra County,3.49,4.6
CA,2005,Siskiyou County,0.09,0.1
CA,1995,Siskiyou County,0,0
CA,2015,Siskiyou County,0.3,0.36
CA,2010,Siskiyou County,0.05,0.06
CA,2000,Siskiyou County,0,0
CA,1990,Siskiyou County,3.49,4.6
CA,1985,Siskiyou County,3.49,4.6
CA,2005,Solano County,0.67,0.67
CA,1995,Solano County,0,0
CA,2015,Solano County,0.1,0.1
CA,2010,Solano County,0.16,0.16
CA,2000,Solano County,0.02,0.02
CA,1990,Solano County,3.49,4.6
CA,1985,Solano County,3.49,4.6
CA,2005,Sonoma County,1.1,1.27
CA,1995,Sonoma County,0,0
CA,2015,Sonoma County,0.11,0.13
CA,2010,Sonoma County,0.3,0.35
CA,2000,Sonoma County,0,0
CA,1990,Sonoma County,3.49,4.6
CA,1985,Sonoma County,3.49,4.6
CA,2005,Stanislaus County,0.88,1.02
CA,1995,Stanislaus County,0,0
CA,2015,Stanislaus County,0.39,0.45
CA,2010,Stanislaus County,0.41,0.47
CA,2000,Stanislaus County,0,0
CA,1990,Stanislaus County,3.49,4.6
CA,1985,Stanislaus County,3.49,4.6
CA,2005,Sutter County,0.64,0.64
CA,1995,Sutter County,0,0
CA,2015,Sutter County,0.2,0.2
CA,2010,Sutter County,0.34,0.34
CA,2000,Sutter County,0.01,0.01
CA,1990,Sutter County,3.49,4.6
CA,1985,Sutter County,3.49,4.6
CA,2005,Tehama County,0.49,0.56
CA,1995,Tehama County,0,0
CA,2015,Tehama County,0.26,0.3
CA,2010,Tehama County,0.36,0.41
CA,2000,Tehama County,0,0
CA,1990,Tehama County,3.49,4.6
CA,1985,Tehama County,3.49,4.6
CA,2005,Trinity County,0.15,0.17
CA,1995,Trinity County,0,0
CA,2015,Trinity County,0.02,0.02
CA,2010,Trinity County,0.23,0.26
CA,2000,Trinity County,0,0
CA,1990,Trinity County,3.49,4.6
CA,1985,Trinity County,3.49,4.6
CA,2005,Tulare County,0.91,0.91
CA,1995,Tulare County,0.03,0.03
CA,2015,Tulare County,1.27,1.27
CA,2010,Tulare County,0.64,0.64
CA,2000,Tulare County,0,0
CA,1990,Tulare County,3.49,4.6
CA,1985,Tulare County,3.49,4.6
CA,2005,Tuolumne County,0.03,0.06
CA,1995,Tuolumne County,0,0
CA,2015,Tuolumne County,0,0
CA,2010,Tuolumne County,0.08,0.16
CA,2000,Tuolumne County,0,0
CA,1990,Tuolumne County,3.49,4.6
CA,1985,Tuolumne County,3.49,4.6
CA,2005,Ventura County,8.75,8.9
CA,1995,Ventura County,4.89,4.89
CA,2015,Ventura County,10.84,10.85
CA,2010,Ventura County,8.74,8.77
CA,2000,Ventura County,5.85,5.95
CA,1990,Ventura County,3.49,4.6
CA,1985,Ventura County,3.49,4.6
CA,2005,Yolo County,1.76,2.21
CA,1995,Yolo County,0,0
CA,2015,Yolo County,0.7,0.88
CA,2010,Yolo County,0.63,0.79
CA,2000,Yolo County,0.35,0.44
CA,1990,Yolo County,3.49,4.6
CA,1985,Yolo County,3.49,4.6
CA,2005,Yuba County,5.32,6.13
CA,1995,Yuba County,0,0
CA,2015,Yuba County,1,1.15
CA,2010,Yuba County,7.05,8.12
CA,2000,Yuba County,0,0
CA,1990,Yuba County,3.49,4.6
CA,1985,Yuba County,3.49,4.6
CO,2015,Adams County,0.11,0.21
CO,2010,Adams County,0.13,0.13
CO,2005,Adams County,0.17,0.17
CO,2000,Adams County,3.49,4.6
CO,1995,Adams County,2.68,2.78
CO,1990,Adams County,3.49,4.6
CO,1985,Adams County,3.49,4.6
CO,2015,Alamosa County,0.02,0.02
CO,2010,Alamosa County,0.02,0.02
CO,2005,Alamosa County,0.01,0.01
CO,2000,Alamosa County,3.49,4.6
CO,1995,Alamosa County,0.25,0.32
CO,1990,Alamosa County,3.49,4.6
CO,1985,Alamosa County,3.49,4.6
CO,2015,Arapahoe County,0.02,0.02
CO,2010,Arapahoe County,0.03,0.03
CO,2005,Arapahoe County,0.03,0.03
CO,2000,Arapahoe County,3.49,4.6
CO,1995,Arapahoe County,0.43,0.43
CO,1990,Arapahoe County,3.49,4.6
CO,1985,Arapahoe County,3.49,4.6
CO,2015,Archuleta County,0.07,0.07
CO,2010,Archuleta County,0.06,0.06
CO,2005,Archuleta County,0.1,0.1
CO,2000,Archuleta County,3.49,4.6
CO,1995,Archuleta County,0.1,0.1
CO,1990,Archuleta County,3.49,4.6
CO,1985,Archuleta County,3.49,4.6
CO,2015,Baca County,0.21,0.21
CO,2010,Baca County,0.3,0.3
CO,2005,Baca County,0.33,0.33
CO,2000,Baca County,3.49,4.6
CO,1995,Baca County,0,0
CO,1990,Baca County,3.49,4.6
CO,1985,Baca County,3.49,4.6
CO,2015,Bent County,0.07,0.07
CO,2010,Bent County,0.07,0.07
CO,2005,Bent County,0.06,0.06
CO,2000,Bent County,3.49,4.6
CO,1995,Bent County,0,0
CO,1990,Bent County,3.49,4.6
CO,1985,Bent County,3.49,4.6
CO,2015,Boulder County,0.08,0.09
CO,2010,Boulder County,0.04,0.04
CO,2005,Boulder County,0.05,0.05
CO,2000,Boulder County,3.49,4.6
CO,1995,Boulder County,1.52,1.73
CO,1990,Boulder County,3.49,4.6
CO,1985,Boulder County,3.49,4.6
CO,2015,Broomfield County,0,0
CO,2010,Broomfield County,0,0
CO,2005,Broomfield County,0,0
CO,2015,Chaffee County,0.12,0.12
CO,2010,Chaffee County,0.12,0.12
CO,2005,Chaffee County,0.05,0.05
CO,2000,Chaffee County,3.49,4.6
CO,1995,Chaffee County,0.06,0.07
CO,1990,Chaffee County,3.49,4.6
CO,1985,Chaffee County,3.49,4.6
CO,2015,Cheyenne County,0.39,0.39
CO,2010,Cheyenne County,0.38,0.38
CO,2005,Cheyenne County,0.36,0.36
CO,2000,Cheyenne County,3.49,4.6
CO,1995,Cheyenne County,0.04,0.04
CO,1990,Cheyenne County,3.49,4.6
CO,1985,Cheyenne County,3.49,4.6
CO,2015,Clear Creek County,0.05,0.07
CO,2010,Clear Creek County,0,0
CO,2005,Clear Creek County,0.01,0.01
CO,2000,Clear Creek County,3.49,4.6
CO,1995,Clear Creek County,0.17,5.87
CO,1990,Clear Creek County,3.49,4.6
CO,1985,Clear Creek County,3.49,4.6
CO,2015,Conejos County,0.05,0.05
CO,2010,Conejos County,0.02,0.04
CO,2005,Conejos County,0.03,0.03
CO,2000,Conejos County,3.49,4.6
CO,1995,Conejos County,0.3,0.3
CO,1990,Conejos County,3.49,4.6
CO,1985,Conejos County,3.49,4.6
CO,2015,Costilla County,0.05,0.05
CO,2010,Costilla County,0.03,0.03
CO,2005,Costilla County,0.03,0.03
CO,2000,Costilla County,3.49,4.6
CO,1995,Costilla County,0,0
CO,1990,Costilla County,3.49,4.6
CO,1985,Costilla County,3.49,4.6
CO,2015,Crowley County,0.03,0.03
CO,2010,Crowley County,0.02,0.02
CO,2005,Crowley County,0.02,0.02
CO,2000,Crowley County,3.49,4.6
CO,1995,Crowley County,0,0
CO,1990,Crowley County,3.49,4.6
CO,1985,Crowley County,3.49,4.6
CO,2015,Custer County,0.06,0.06
CO,2010,Custer County,0.02,0.02
CO,2005,Custer County,0.03,0.03
CO,2000,Custer County,3.49,4.6
CO,1995,Custer County,0,0
CO,1990,Custer County,3.49,4.6
CO,1985,Custer County,3.49,4.6
CO,2015,Delta County,0.14,0.63
CO,2010,Delta County,0.13,0.26
CO,2005,Delta County,0.39,0.62
CO,2000,Delta County,3.49,4.6
CO,1995,Delta County,0.22,0.22
CO,1990,Delta County,3.49,4.6
CO,1985,Delta County,3.49,4.6
CO,2015,Denver County,0,0
CO,2010,Denver County,0,0
CO,2005,Denver County,0,0
CO,2000,Denver County,3.49,4.6
CO,1995,Denver County,1.07,1.43
CO,1990,Denver County,3.49,4.6
CO,1985,Denver County,3.49,4.6
CO,2015,Dolores County,0.02,0.02
CO,2010,Dolores County,0.04,0.04
CO,2005,Dolores County,0.03,0.03
CO,2000,Dolores County,3.49,4.6
CO,1995,Dolores County,0.01,0.01
CO,1990,Dolores County,3.49,4.6
CO,1985,Dolores County,3.49,4.6
CO,2015,Douglas County,0.04,0.04
CO,2010,Douglas County,0,0
CO,2005,Douglas County,0.03,0.03
CO,2000,Douglas County,3.49,4.6
CO,1995,Douglas County,0.2,0.2
CO,1990,Douglas County,3.49,4.6
CO,1985,Douglas County,3.49,4.6
CO,2015,Eagle County,0.21,0.21
CO,2010,Eagle County,0.15,0.15
CO,2005,Eagle County,0.04,0.04
CO,2000,Eagle County,3.49,4.6
CO,1995,Eagle County,0.22,0.22
CO,1990,Eagle County,3.49,4.6
CO,1985,Eagle County,3.49,4.6
CO,2015,Elbert County,0.07,0.07
CO,2010,Elbert County,0.05,0.05
CO,2005,Elbert County,0.11,0.11
CO,2000,Elbert County,3.49,4.6
CO,1995,Elbert County,0.02,0.02
CO,1990,Elbert County,3.49,4.6
CO,1985,Elbert County,3.49,4.6
CO,2015,El Paso County,0.1,0.1
CO,2010,El Paso County,0.07,0.07
CO,2005,El Paso County,0.05,0.05
CO,2000,El Paso County,3.49,4.6
CO,1995,El Paso County,0.21,0.28
CO,1990,El Paso County,3.49,4.6
CO,1985,El Paso County,3.49,4.6
CO,2015,Fremont County,0.2,0.3
CO,2010,Fremont County,0.16,0.36
CO,2005,Fremont County,0.12,0.12
CO,2000,Fremont County,3.49,4.6
CO,1995,Fremont County,0.22,0.24
CO,1990,Fremont County,3.49,4.6
CO,1985,Fremont County,3.49,4.6
CO,2015,Garfield County,0.77,0.77
CO,2010,Garfield County,0.19,0.19
CO,2005,Garfield County,0.07,0.07
CO,2000,Garfield County,3.49,4.6
CO,1995,Garfield County,0.43,0.46
CO,1990,Garfield County,3.49,4.6
CO,1985,Garfield County,3.49,4.6
CO,2015,Gilpin County,0.02,0.02
CO,2010,Gilpin County,0,0
CO,2005,Gilpin County,0,0
CO,2000,Gilpin County,3.49,4.6
CO,1995,Gilpin County,0.01,0.01
CO,1990,Gilpin County,3.49,4.6
CO,1985,Gilpin County,3.49,4.6
CO,2015,Grand County,0.1,0.1
CO,2010,Grand County,0.07,0.07
CO,2005,Grand County,0.06,0.06
CO,2000,Grand County,3.49,4.6
CO,1995,Grand County,0.02,0.02
CO,1990,Grand County,3.49,4.6
CO,1985,Grand County,3.49,4.6
CO,2015,Gunnison County,0.13,0.38
CO,2010,Gunnison County,0.05,0.61
CO,2005,Gunnison County,0.29,0.29
CO,2000,Gunnison County,3.49,4.6
CO,1995,Gunnison County,0.95,1.14
CO,1990,Gunnison County,3.49,4.6
CO,1985,Gunnison County,3.49,4.6
CO,2015,Hinsdale County,0.01,0.01
CO,2010,Hinsdale County,0.01,0.01
CO,2005,Hinsdale County,0.01,0.01
CO,2000,Hinsdale County,3.49,4.6
CO,1995,Hinsdale County,0.01,0.01
CO,1990,Hinsdale County,3.49,4.6
CO,1985,Hinsdale County,3.49,4.6
CO,2015,Huerfano County,0.13,0.13
CO,2010,Huerfano County,0.09,0.09
CO,2005,Huerfano County,0.09,0.09
CO,2000,Huerfano County,3.49,4.6
CO,1995,Huerfano County,0,0
CO,1990,Huerfano County,3.49,4.6
CO,1985,Huerfano County,3.49,4.6
CO,2015,Jackson County,0.09,0.09
CO,2010,Jackson County,0.29,0.29
CO,2005,Jackson County,0.19,0.19
CO,2000,Jackson County,3.49,4.6
CO,1995,Jackson County,0.46,0.46
CO,1990,Jackson County,3.49,4.6
CO,1985,Jackson County,3.49,4.6
CO,2015,Jefferson County,0.08,0.08
CO,2010,Jefferson County,0.02,0.02
CO,2005,Jefferson County,0.03,0.03
CO,2000,Jefferson County,3.49,4.6
CO,1995,Jefferson County,0.76,0.79
CO,1990,Jefferson County,3.49,4.6
CO,1985,Jefferson County,3.49,4.6
CO,2015,Kiowa County,0.07,0.07
CO,2010,Kiowa County,0.06,0.06
CO,2005,Kiowa County,0.07,0.07
CO,2000,Kiowa County,3.49,4.6
CO,1995,Kiowa County,0.01,0.01
CO,1990,Kiowa County,3.49,4.6
CO,1985,Kiowa County,3.49,4.6
CO,2015,Kit Carson County,0.15,0.15
CO,2010,Kit Carson County,0.14,0.14
CO,2005,Kit Carson County,0.13,0.13
CO,2000,Kit Carson County,3.49,4.6
CO,1995,Kit Carson County,0.01,0.01
CO,1990,Kit Carson County,3.49,4.6
CO,1985,Kit Carson County,3.49,4.6
CO,2015,Lake County,0.04,0.37
CO,2010,Lake County,0.87,0.87
CO,2005,Lake County,0.15,0.15
CO,2000,Lake County,3.49,4.6
CO,1995,Lake County,1.28,15.74
CO,1990,Lake County,3.49,4.6
CO,1985,Lake County,3.49,4.6
CO,2015,La Plata County,0.82,0.83
CO,2010,La Plata County,0.8,0.8
CO,2005,La Plata County,0.33,0.33
CO,2000,La Plata County,3.49,4.6
CO,1995,La Plata County,0.54,0.56
CO,1990,La Plata County,3.49,4.6
CO,1985,La Plata County,3.49,4.6
CO,2015,Larimer County,0.62,0.62
CO,2010,Larimer County,0.53,0.53
CO,2005,Larimer County,0.51,0.51
CO,2000,Larimer County,3.49,4.6
CO,1995,Larimer County,3.28,3.38
CO,1990,Larimer County,3.49,4.6
CO,1985,Larimer County,3.49,4.6
CO,2015,Las Animas County,8.39,8.39
CO,2010,Las Animas County,2.55,2.55
CO,2005,Las Animas County,1.55,1.55
CO,2000,Las Animas County,3.49,4.6
CO,1995,Las Animas County,0.08,0.47
CO,1990,Las Animas County,3.49,4.6
CO,1985,Las Animas County,3.49,4.6
CO,2015,Lincoln County,0.2,0.2
CO,2010,Lincoln County,0.13,0.13
CO,2005,Lincoln County,0.12,0.12
CO,2000,Lincoln County,3.49,4.6
CO,1995,Lincoln County,0,0
CO,1990,Lincoln County,3.49,4.6
CO,1985,Lincoln County,3.49,4.6
CO,2015,Logan County,0.35,0.44
CO,2010,Logan County,0.31,0.31
CO,2005,Logan County,0.56,0.56
CO,2000,Logan County,3.49,4.6
CO,1995,Logan County,0.5,0.5
CO,1990,Logan County,3.49,4.6
CO,1985,Logan County,3.49,4.6
CO,2015,Mesa County,0.5,0.5
CO,2010,Mesa County,0.18,0.18
CO,2005,Mesa County,0.21,0.21
CO,2000,Mesa County,3.49,4.6
CO,1995,Mesa County,1.5,1.5
CO,1990,Mesa County,3.49,4.6
CO,1985,Mesa County,3.49,4.6
CO,2015,Mineral County,0.02,0.02
CO,2010,Mineral County,0.01,0.01
CO,2005,Mineral County,0.01,0.01
CO,2000,Mineral County,3.49,4.6
CO,1995,Mineral County,0,0
CO,1990,Mineral County,3.49,4.6
CO,1985,Mineral County,3.49,4.6
CO,2015,Moffat County,0.5,0.81
CO,2010,Moffat County,0.83,1.78
CO,2005,Moffat County,0.65,1.12
CO,2000,Moffat County,3.49,4.6
CO,1995,Moffat County,0.92,0.95
CO,1990,Moffat County,3.49,4.6
CO,1985,Moffat County,3.49,4.6
CO,2015,Montezuma County,0,0
CO,2010,Montezuma County,0.05,0.05
CO,2005,Montezuma County,0.06,0.06
CO,2000,Montezuma County,3.49,4.6
CO,1995,Montezuma County,0,0
CO,1990,Montezuma County,3.49,4.6
CO,1985,Montezuma County,3.49,4.6
CO,2015,Montrose County,0.02,0.05
CO,2010,Montrose County,0.11,0.12
CO,2005,Montrose County,0.19,0.62
CO,2000,Montrose County,3.49,4.6
CO,1995,Montrose County,0.2,0.2
CO,1990,Montrose County,3.49,4.6
CO,1985,Montrose County,3.49,4.6
CO,2015,Morgan County,0.35,0.35
CO,2010,Morgan County,0.34,0.34
CO,2005,Morgan County,0.3,0.3
CO,2000,Morgan County,3.49,4.6
CO,1995,Morgan County,0.49,0.49
CO,1990,Morgan County,3.49,4.6
CO,1985,Morgan County,3.49,4.6
CO,2015,Otero County,0.01,0.01
CO,2010,Otero County,0.05,0.05
CO,2005,Otero County,0.06,0.06
CO,2000,Otero County,3.49,4.6
CO,1995,Otero County,0.22,0.26
CO,1990,Otero County,3.49,4.6
CO,1985,Otero County,3.49,4.6
CO,2015,Ouray County,0.01,0.01
CO,2010,Ouray County,0,0
CO,2005,Ouray County,0.02,0.02
CO,2000,Ouray County,3.49,4.6
CO,1995,Ouray County,0,0
CO,1990,Ouray County,3.49,4.6
CO,1985,Ouray County,3.49,4.6
CO,2015,Park County,0.05,0.26
CO,2010,Park County,0.06,0.06
CO,2005,Park County,0.07,0.07
CO,2000,Park County,3.49,4.6
CO,1995,Park County,0,0
CO,1990,Park County,3.49,4.6
CO,1985,Park County,3.49,4.6
CO,2015,Phillips County,0.03,0.03
CO,2010,Phillips County,0.06,0.06
CO,2005,Phillips County,0.07,0.07
CO,2000,Phillips County,3.49,4.6
CO,1995,Phillips County,0,0
CO,1990,Phillips County,3.49,4.6
CO,1985,Phillips County,3.49,4.6
CO,2015,Pitkin County,0,0
CO,2010,Pitkin County,0.01,0.01
CO,2005,Pitkin County,0.01,0.01
CO,2000,Pitkin County,3.49,4.6
CO,1995,Pitkin County,0.14,0.14
CO,1990,Pitkin County,3.49,4.6
CO,1985,Pitkin County,3.49,4.6
CO,2015,Prowers County,0.06,0.06
CO,2010,Prowers County,0.11,0.11
CO,2005,Prowers County,0.11,0.11
CO,2000,Prowers County,3.49,4.6
CO,1995,Prowers County,0.39,0.45
CO,1990,Prowers County,3.49,4.6
CO,1985,Prowers County,3.49,4.6
CO,2015,Pueblo County,0.13,0.13
CO,2010,Pueblo County,0.1,0.1
CO,2005,Pueblo County,0.12,0.12
CO,2000,Pueblo County,3.49,4.6
CO,1995,Pueblo County,0.6,0.6
CO,1990,Pueblo County,3.49,4.6
CO,1985,Pueblo County,3.49,4.6
CO,2015,Rio Blanco County,10.91,10.91
CO,2010,Rio Blanco County,12.19,12.51
CO,2005,Rio Blanco County,9.56,9.92
CO,2000,Rio Blanco County,3.49,4.6
CO,1995,Rio Blanco County,11.8,11.8
CO,1990,Rio Blanco County,3.49,4.6
CO,1985,Rio Blanco County,3.49,4.6
CO,2015,Rio Grande County,0.07,0.07
CO,2010,Rio Grande County,0.07,0.07
CO,2005,Rio Grande County,0.06,0.06
CO,2000,Rio Grande County,3.49,4.6
CO,1995,Rio Grande County,0,0
CO,1990,Rio Grande County,3.49,4.6
CO,1985,Rio Grande County,3.49,4.6
CO,2015,Routt County,0.01,0.01
CO,2010,Routt County,0.43,1.25
CO,2005,Routt County,0.45,0.59
CO,2000,Routt County,3.49,4.6
CO,1995,Routt County,2.63,2.7
CO,1990,Routt County,3.49,4.6
CO,1985,Routt County,3.49,4.6
CO,2015,Saguache County,0.06,0.06
CO,2010,Saguache County,0.05,0.05
CO,2005,Saguache County,0.06,0.06
CO,2000,Saguache County,3.49,4.6
CO,1995,Saguache County,0,0
CO,1990,Saguache County,3.49,4.6
CO,1985,Saguache County,3.49,4.6
CO,2015,San Juan County,0.02,0.02
CO,2010,San Juan County,0.01,0.01
CO,2005,San Juan County,0.01,0.01
CO,2000,San Juan County,3.49,4.6
CO,1995,San Juan County,0,0
CO,1990,San Juan County,3.49,4.6
CO,1985,San Juan County,3.49,4.6
CO,2015,San Miguel County,0.07,0.07
CO,2010,San Miguel County,0.02,0.02
CO,2005,San Miguel County,0.04,0.04
CO,2000,San Miguel County,3.49,4.6
CO,1995,San Miguel County,0,0
CO,1990,San Miguel County,3.49,4.6
CO,1985,San Miguel County,3.49,4.6
CO,2015,Sedgwick County,0.02,0.02
CO,2010,Sedgwick County,0,0
CO,2005,Sedgwick County,0.02,0.02
CO,2000,Sedgwick County,3.49,4.6
CO,1995,Sedgwick County,0,0
CO,1990,Sedgwick County,3.49,4.6
CO,1985,Sedgwick County,3.49,4.6
CO,2015,Summit County,0.02,0.02
CO,2010,Summit County,0.01,0.01
CO,2005,Summit County,0.01,0.01
CO,2000,Summit County,3.49,4.6
CO,1995,Summit County,0.13,0.14
CO,1990,Summit County,3.49,4.6
CO,1985,Summit County,3.49,4.6
CO,2015,Teller County,0.1,0.42
CO,2010,Teller County,0.01,0.05
CO,2005,Teller County,0.04,0.04
CO,2000,Teller County,3.49,4.6
CO,1995,Teller County,0,4.8
CO,1990,Teller County,3.49,4.6
CO,1985,Teller County,3.49,4.6
CO,2015,Washington County,1.27,1.27
CO,2010,Washington County,1.23,1.23
CO,2005,Washington County,0.59,0.59
CO,2000,Washington County,3.49,4.6
CO,1995,Washington County,1.58,1.58
CO,1990,Washington County,3.49,4.6
CO,1985,Washington County,3.49,4.6
CO,2015,Weld County,0.99,1.18
CO,2010,Weld County,0.87,0.87
CO,2005,Weld County,0.68,0.68
CO,2000,Weld County,3.49,4.6
CO,1995,Weld County,4.61,4.68
CO,1990,Weld County,3.49,4.6
CO,1985,Weld County,3.49,4.6
CO,2015,Yuma County,0.15,0.15
CO,2010,Yuma County,0.13,0.13
CO,2005,Yuma County,0.18,0.18
CO,2000,Yuma County,3.49,4.6
CO,1995,Yuma County,0.02,0.02
CO,1990,Yuma County,3.49,4.6
CO,1985,Yuma County,3.49,4.6
NM,2015,Bernalillo County,0.12,0.12
NM,2010,Bernalillo County,0.08,0.08
NM,2005,Bernalillo County,0.98,0.98
NM,2000,Bernalillo County,3.49,4.6
NM,1995,Bernalillo County,0.31,0.31
NM,1990,Bernalillo County,3.49,4.6
NM,1985,Bernalillo County,3.49,4.6
NM,2015,Catron County,0,0
NM,2010,Catron County,0.01,0.01
NM,2005,Catron County,0.12,0.12
NM,2000,Catron County,3.49,4.6
NM,1995,Catron County,0,0
NM,1990,Catron County,3.49,4.6
NM,1985,Catron County,3.49,4.6
NM,2015,Chaves County,1.49,1.49
NM,2010,Chaves County,0.2,0.2
NM,2005,Chaves County,0.11,0.11
NM,2000,Chaves County,3.49,4.6
NM,1995,Chaves County,0.08,0.08
NM,1990,Chaves County,3.49,4.6
NM,1985,Chaves County,3.49,4.6
NM,2015,Cibola County,1.27,1.27
NM,2010,Cibola County,0.02,0.02
NM,2005,Cibola County,1.41,1.41
NM,2000,Cibola County,3.49,4.6
NM,1995,Cibola County,0.28,0.28
NM,1990,Cibola County,3.49,4.6
NM,1985,Cibola County,3.49,4.6
NM,2015,Colfax County,0,0.2
NM,2010,Colfax County,0,0.27
NM,2005,Colfax County,0,0.28
NM,2000,Colfax County,3.49,4.6
NM,1995,Colfax County,0.01,0.56
NM,1990,Colfax County,3.49,4.6
NM,1985,Colfax County,3.49,4.6
NM,2015,Curry County,0.01,0.01
NM,2010,Curry County,0.01,0.01
NM,2005,Curry County,0,0
NM,2000,Curry County,3.49,4.6
NM,1995,Curry County,0.01,0.01
NM,1990,Curry County,3.49,4.6
NM,1985,Curry County,3.49,4.6
NM,2015,De Baca County,0.01,0.01
NM,2010,De Baca County,0.02,0.02
NM,2005,De Baca County,0,0
NM,2000,De Baca County,3.49,4.6
NM,1995,De Baca County,0.01,0.01
NM,1990,De Baca County,3.49,4.6
NM,1985,De Baca County,3.49,4.6
NM,2015,Dona Ana County,0.37,0.37
NM,2010,Dona Ana County,0.07,0.07
NM,2005,Dona Ana County,0.03,0.03
NM,2000,Dona Ana County,3.49,4.6
NM,1995,Dona Ana County,0.06,0.06
NM,1990,Dona Ana County,3.49,4.6
NM,1985,Dona Ana County,3.49,4.6
NM,2015,Eddy County,9.92,9.92
NM,2010,Eddy County,8.3,8.3
NM,2005,Eddy County,5.77,5.77
NM,2000,Eddy County,3.49,4.6
NM,1995,Eddy County,9.93,9.98
NM,1990,Eddy County,3.49,4.6
NM,1985,Eddy County,3.49,4.6
NM,2015,Grant County,31.64,46.35
NM,2010,Grant County,7.03,10.3
NM,2005,Grant County,19.51,19.51
NM,2000,Grant County,3.49,4.6
NM,1995,Grant County,23.08,23.08
NM,1990,Grant County,3.49,4.6
NM,1985,Grant County,3.49,4.6
NM,2015,Guadalupe County,0.06,0.07
NM,2010,Guadalupe County,0,0
NM,2005,Guadalupe County,0,0
NM,2000,Guadalupe County,3.49,4.6
NM,1995,Guadalupe County,0,0
NM,1990,Guadalupe County,3.49,4.6
NM,1985,Guadalupe County,3.49,4.6
NM,2015,Harding County,0,0
NM,2010,Harding County,0,0
NM,2005,Harding County,0,0
NM,2000,Harding County,3.49,4.6
NM,1995,Harding County,0,0
NM,1990,Harding County,3.49,4.6
NM,1985,Harding County,3.49,4.6
NM,2015,Hidalgo County,0,0
NM,2010,Hidalgo County,0,1.51
NM,2005,Hidalgo County,3.3,3.3
NM,2000,Hidalgo County,3.49,4.6
NM,1995,Hidalgo County,4.62,4.62
NM,1990,Hidalgo County,3.49,4.6
NM,1985,Hidalgo County,3.49,4.6
NM,2015,Lea County,73.12,73.12
NM,2010,Lea County,1.79,1.79
NM,2005,Lea County,19.54,19.54
NM,2000,Lea County,3.49,4.6
NM,1995,Lea County,16.95,16.95
NM,1990,Lea County,3.49,4.6
NM,1985,Lea County,3.49,4.6
NM,2015,Lincoln County,0.06,0.06
NM,2010,Lincoln County,0.01,0.01
NM,2005,Lincoln County,0,0
NM,2000,Lincoln County,3.49,4.6
NM,1995,Lincoln County,0.03,0.04
NM,1990,Lincoln County,3.49,4.6
NM,1985,Lincoln County,3.49,4.6
NM,2015,Los Alamos County,0,0
NM,2010,Los Alamos County,0,0
NM,2005,Los Alamos County,0,0
NM,2000,Los Alamos County,3.49,4.6
NM,1995,Los Alamos County,0,0
NM,1990,Los Alamos County,3.49,4.6
NM,1985,Los Alamos County,3.49,4.6
NM,2015,Luna County,0.31,0.33
NM,2010,Luna County,0.14,0.15
NM,2005,Luna County,0.04,0.04
NM,2000,Luna County,3.49,4.6
NM,1995,Luna County,0.23,0.23
NM,1990,Luna County,3.49,4.6
NM,1985,Luna County,3.49,4.6
NM,2015,McKinley County,2.06,2.06
NM,2010,McKinley County,2.12,2.12
NM,2005,McKinley County,2.43,2.43
NM,2000,McKinley County,3.49,4.6
NM,1995,McKinley County,2.89,2.89
NM,1990,McKinley County,3.49,4.6
NM,1985,McKinley County,3.49,4.6
NM,2015,Mora County,0.09,0.09
NM,2010,Mora County,0.03,0.03
NM,2005,Mora County,0,0
NM,2000,Mora County,3.49,4.6
NM,1995,Mora County,0,0
NM,1990,Mora County,3.49,4.6
NM,1985,Mora County,3.49,4.6
NM,2015,Otero County,0.63,0.63
NM,2010,Otero County,0.24,0.24
NM,2005,Otero County,0,0
NM,2000,Otero County,3.49,4.6
NM,1995,Otero County,0.02,0.02
NM,1990,Otero County,3.49,4.6
NM,1985,Otero County,3.49,4.6
NM,2015,Quay County,0,0
NM,2010,Quay County,0,0
NM,2005,Quay County,0,0
NM,2000,Quay County,3.49,4.6
NM,1995,Quay County,0,0
NM,1990,Quay County,3.49,4.6
NM,1985,Quay County,3.49,4.6
NM,2015,Rio Arriba County,1.5,1.5
NM,2010,Rio Arriba County,0.49,0.49
NM,2005,Rio Arriba County,0.09,0.09
NM,2000,Rio Arriba County,3.49,4.6
NM,1995,Rio Arriba County,0.49,0.49
NM,1990,Rio Arriba County,3.49,4.6
NM,1985,Rio Arriba County,3.49,4.6
NM,2015,Roosevelt County,0.22,0.22
NM,2010,Roosevelt County,0.13,0.13
NM,2005,Roosevelt County,0.12,0.12
NM,2000,Roosevelt County,3.49,4.6
NM,1995,Roosevelt County,0.02,0.02
NM,1990,Roosevelt County,3.49,4.6
NM,1985,Roosevelt County,3.49,4.6
NM,2015,Sandoval County,1.17,1.17
NM,2010,Sandoval County,0.25,0.25
NM,2005,Sandoval County,0.61,0.61
NM,2000,Sandoval County,3.49,4.6
NM,1995,Sandoval County,0,0
NM,1990,Sandoval County,3.49,4.6
NM,1985,Sandoval County,3.49,4.6
NM,2015,San Juan County,3.24,5.67
NM,2010,San Juan County,0.13,0.77
NM,2005,San Juan County,0,0.14
NM,2000,San Juan County,3.49,4.6
NM,1995,San Juan County,0.24,0.31
NM,1990,San Juan County,3.49,4.6
NM,1985,San Juan County,3.49,4.6
NM,2015,San Miguel County,0.04,0.04
NM,2010,San Miguel County,0,0
NM,2005,San Miguel County,0,0
NM,2000,San Miguel County,3.49,4.6
NM,1995,San Miguel County,0.02,0.02
NM,1990,San Miguel County,3.49,4.6
NM,1985,San Miguel County,3.49,4.6
NM,2015,Santa Fe County,0.2,0.2
NM,2010,Santa Fe County,0.04,0.04
NM,2005,Santa Fe County,0.02,0.02
NM,2000,Santa Fe County,3.49,4.6
NM,1995,Santa Fe County,0.01,0.01
NM,1990,Santa Fe County,3.49,4.6
NM,1985,Santa Fe County,3.49,4.6
NM,2015,Sierra County,0.09,0.09
NM,2010,Sierra County,0.02,0.02
NM,2005,Sierra County,0.07,0.07
NM,2000,Sierra County,3.49,4.6
NM,1995,Sierra County,0.02,0.02
NM,1990,Sierra County,3.49,4.6
NM,1985,Sierra County,3.49,4.6
NM,2015,Socorro County,0.21,0.21
NM,2010,Socorro County,0.02,0.02
NM,2005,Socorro County,0,0
NM,2000,Socorro County,3.49,4.6
NM,1995,Socorro County,0.01,0.01
NM,1990,Socorro County,3.49,4.6
NM,1985,Socorro County,3.49,4.6
NM,2015,Taos County,0.12,0.19
NM,2010,Taos County,6.07,10.05
NM,2005,Taos County,3.18,4.05
NM,2000,Taos County,3.49,4.6
NM,1995,Taos County,1.35,1.41
NM,1990,Taos County,3.49,4.6
NM,1985,Taos County,3.49,4.6
NM,2015,Torrance County,0.1,0.1
NM,2010,Torrance County,0.03,0.03
NM,2005,Torrance County,0.07,0.07
NM,2000,Torrance County,3.49,4.6
NM,1995,Torrance County,0,0
NM,1990,Torrance County,3.49,4.6
NM,1985,Torrance County,3.49,4.6
NM,2015,Union County,0.33,0.33
NM,2010,Union County,0,0
NM,2005,Union County,0,0
NM,2000,Union County,3.49,4.6
NM,1995,Union County,0.02,0.02
NM,1990,Union County,3.49,4.6
NM,1985,Union County,3.49,4.6
NM,2015,Valencia County,0.39,0.39
NM,2010,Valencia County,0.16,0.16
NM,2005,Valencia County,0,0
NM,2000,Valencia County,3.49,4.6
NM,1995,Valencia County,0,0
NM,1990,Valencia County,3.49,4.6
NM,1985,Valencia County,3.49,4.6
NV,2015,Churchill County,0,0
NV,2010,Churchill County,0.18,0.18
NV,2005,Churchill County,0.29,0.29
NV,2000,Churchill County,3.49,4.6
NV,1995,Churchill County,0.16,0.16
NV,1990,Churchill County,3.49,4.6
NV,1985,Churchill County,3.49,4.6
NV,2015,Clark County,1.1,5.32
NV,2010,Clark County,2.44,5.1
NV,2005,Clark County,2.68,2.68
NV,2000,Clark County,3.49,4.6
NV,1995,Clark County,1.02,2.13
NV,1990,Clark County,3.49,4.6
NV,1985,Clark County,3.49,4.6
NV,2015,Douglas County,0.27,0.27
NV,2010,Douglas County,0.13,0.13
NV,2005,Douglas County,0.03,0.03
NV,2000,Douglas County,3.49,4.6
NV,1995,Douglas County,0,0
NV,1990,Douglas County,3.49,4.6
NV,1985,Douglas County,3.49,4.6
NV,2015,Elko County,30.94,31.77
NV,2010,Elko County,1.39,1.44
NV,2005,Elko County,16.23,16.23
NV,2000,Elko County,3.49,4.6
NV,1995,Elko County,4.62,4.78
NV,1990,Elko County,3.49,4.6
NV,1985,Elko County,3.49,4.6
NV,2015,Esmeralda County,0.27,0.27
NV,2010,Esmeralda County,0.01,0.01
NV,2005,Esmeralda County,12.67,12.67
NV,2000,Esmeralda County,3.49,4.6
NV,1995,Esmeralda County,11.26,11.26
NV,1990,Esmeralda County,3.49,4.6
NV,1985,Esmeralda County,3.49,4.6
NV,2015,Eureka County,77.37,77.4
NV,2010,Eureka County,193.78,193.9
NV,2005,Eureka County,17.68,17.68
NV,2000,Eureka County,3.49,4.6
NV,1995,Eureka County,17.15,17.16
NV,1990,Eureka County,3.49,4.6
NV,1985,Eureka County,3.49,4.6
NV,2015,Humboldt County,19.45,19.45
NV,2010,Humboldt County,13.04,13.04
NV,2005,Humboldt County,17.93,17.93
NV,2000,Humboldt County,3.49,4.6
NV,1995,Humboldt County,13.46,13.46
NV,1990,Humboldt County,3.49,4.6
NV,1985,Humboldt County,3.49,4.6
NV,2015,Lander County,33.62,34.71
NV,2010,Lander County,61.29,62.03
NV,2005,Lander County,14.52,14.52
NV,2000,Lander County,3.49,4.6
NV,1995,Lander County,6.66,6.74
NV,1990,Lander County,3.49,4.6
NV,1985,Lander County,3.49,4.6
NV,2015,Lincoln County,0.07,0.07
NV,2010,Lincoln County,0.25,0.25
NV,2005,Lincoln County,0.4,0.4
NV,2000,Lincoln County,3.49,4.6
NV,1995,Lincoln County,0,0
NV,1990,Lincoln County,3.49,4.6
NV,1985,Lincoln County,3.49,4.6
NV,2015,Lyon County,0.59,2.03
NV,2010,Lyon County,0.03,0.22
NV,2005,Lyon County,0.6,0.6
NV,2000,Lyon County,3.49,4.6
NV,1995,Lyon County,0.28,2.29
NV,1990,Lyon County,3.49,4.6
NV,1985,Lyon County,3.49,4.6
NV,2015,Mineral County,0.05,0.05
NV,2010,Mineral County,0.05,0.05
NV,2005,Mineral County,0.22,0.22
NV,2000,Mineral County,3.49,4.6
NV,1995,Mineral County,2.25,2.25
NV,1990,Mineral County,3.49,4.6
NV,1985,Mineral County,3.49,4.6
NV,2015,Nye County,7.96,7.96
NV,2010,Nye County,31.65,31.65
NV,2005,Nye County,5.87,5.87
NV,2000,Nye County,3.49,4.6
NV,1995,Nye County,6.3,6.3
NV,1990,Nye County,3.49,4.6
NV,1985,Nye County,3.49,4.6
NV,2015,Pershing County,11.53,11.53
NV,2010,Pershing County,0.21,0.21
NV,2005,Pershing County,2.94,2.94
NV,2000,Pershing County,3.49,4.6
NV,1995,Pershing County,1.88,1.88
NV,1990,Pershing County,3.49,4.6
NV,1985,Pershing County,3.49,4.6
NV,2015,Storey County,0.04,0.07
NV,2010,Storey County,0.14,0.16
NV,2005,Storey County,0.42,0.42
NV,2000,Storey County,3.49,4.6
NV,1995,Storey County,0.2,0.23
NV,1990,Storey County,3.49,4.6
NV,1985,Storey County,3.49,4.6
NV,2015,Washoe County,0.28,0.28
NV,2010,Washoe County,2.78,2.78
NV,2005,Washoe County,0.81,0.81
NV,2000,Washoe County,3.49,4.6
NV,1995,Washoe County,0.64,0.64
NV,1990,Washoe County,3.49,4.6
NV,1985,Washoe County,3.49,4.6
NV,2015,White Pine County,15.06,15.55
NV,2010,White Pine County,34.85,35.18
NV,2005,White Pine County,5.75,5.75
NV,2000,White Pine County,3.49,4.6
NV,1995,White Pine County,10.23,10.32
NV,1990,White Pine County,3.49,4.6
NV,1985,White Pine County,3.49,4.6
NV,2015,Carson City County,0.02,0.02
NV,2010,Carson City County,0.07,0.07
NV,2005,Carson City County,0.02,0.02
NV,2000,Carson City County,3.49,4.6
NV,1995,Carson City County,0,0
NV,1990,Carson City County,3.49,4.6
NV,1985,Carson City County,3.49,4.6
UT,2015,Beaver County,0,0
UT,2010,Beaver County,0,0
UT,2005,Beaver County,0,0
UT,2000,Beaver County,0.01,0.01
UT,1995,Beaver County,0,0
UT,1990,Beaver County,3.49,4.6
UT,1985,Beaver County,3.49,4.6
UT,2015,Box Elder County,0,0
UT,2010,Box Elder County,0,0
UT,2005,Box Elder County,0,0
UT,2000,Box Elder County,0,0
UT,1995,Box Elder County,0,0
UT,1990,Box Elder County,3.49,4.6
UT,1985,Box Elder County,3.49,4.6
UT,2015,Cache County,0,0
UT,2010,Cache County,0,0
UT,2005,Cache County,0,0
UT,2000,Cache County,0,0
UT,1995,Cache County,0,0
UT,1990,Cache County,3.49,4.6
UT,1985,Cache County,3.49,4.6
UT,2015,Carbon County,0.08,0.09
UT,2010,Carbon County,0.24,0.24
UT,2005,Carbon County,0.24,0.24
UT,2000,Carbon County,0.06,0.23
UT,1995,Carbon County,0.54,0.54
UT,1990,Carbon County,3.49,4.6
UT,1985,Carbon County,3.49,4.6
UT,2015,Daggett County,0,0
UT,2010,Daggett County,0,0
UT,2005,Daggett County,0,0
UT,2000,Daggett County,0,0
UT,1995,Daggett County,0,0
UT,1990,Daggett County,3.49,4.6
UT,1985,Daggett County,3.49,4.6
UT,2015,Davis County,0,0
UT,2010,Davis County,0,0
UT,2005,Davis County,0,0
UT,2000,Davis County,0.29,0.29
UT,1995,Davis County,0,0
UT,1990,Davis County,3.49,4.6
UT,1985,Davis County,3.49,4.6
UT,2015,Duchesne County,2.4,3.21
UT,2010,Duchesne County,0.76,1.49
UT,2005,Duchesne County,0.49,1.29
UT,2000,Duchesne County,0.29,0.69
UT,1995,Duchesne County,0,0
UT,1990,Duchesne County,3.49,4.6
UT,1985,Duchesne County,3.49,4.6
UT,2015,Emery County,0.45,0.45
UT,2010,Emery County,1.39,1.39
UT,2005,Emery County,0.46,0.46
UT,2000,Emery County,0.86,0.86
UT,1995,Emery County,0.63,0.63
UT,1990,Emery County,3.49,4.6
UT,1985,Emery County,3.49,4.6
UT,2015,Garfield County,1.16,1.16
UT,2010,Garfield County,1.15,1.15
UT,2005,Garfield County,1.15,1.15
UT,2000,Garfield County,1.13,1.13
UT,1995,Garfield County,0,0
UT,1990,Garfield County,3.49,4.6
UT,1985,Garfield County,3.49,4.6
UT,2015,Grand County,0,0.98
UT,2010,Grand County,0,0.87
UT,2005,Grand County,0,0.6
UT,2000,Grand County,0,0.99
UT,1995,Grand County,0,0.85
UT,1990,Grand County,3.49,4.6
UT,1985,Grand County,3.49,4.6
UT,2015,Iron County,0,0
UT,2010,Iron County,0,0
UT,2005,Iron County,0,0
UT,2000,Iron County,0,0
UT,1995,Iron County,0,0
UT,1990,Iron County,3.49,4.6
UT,1985,Iron County,3.49,4.6
UT,2015,Juab County,0,0
UT,2010,Juab County,0,0
UT,2005,Juab County,0,0
UT,2000,Juab County,0.18,1.1
UT,1995,Juab County,0,0
UT,1990,Juab County,3.49,4.6
UT,1985,Juab County,3.49,4.6
UT,2015,Kane County,0,0
UT,2010,Kane County,0,0
UT,2005,Kane County,0,0
UT,2000,Kane County,0,0
UT,1995,Kane County,0,0
UT,1990,Kane County,3.49,4.6
UT,1985,Kane County,3.49,4.6
UT,2015,Millard County,0,0
UT,2010,Millard County,0,0
UT,2005,Millard County,0.77,0.77
UT,2000,Millard County,0.93,0.93
UT,1995,Millard County,0.74,0.74
UT,1990,Millard County,3.49,4.6
UT,1985,Millard County,3.49,4.6
UT,2015,Morgan County,0,0
UT,2010,Morgan County,0,0
UT,2005,Morgan County,0,0
UT,2000,Morgan County,0.07,0.07
UT,1995,Morgan County,0,0
UT,1990,Morgan County,3.49,4.6
UT,1985,Morgan County,3.49,4.6
UT,2015,Piute County,0,0
UT,2010,Piute County,0,0
UT,2005,Piute County,0,0
UT,2000,Piute County,0,0
UT,1995,Piute County,0,0
UT,1990,Piute County,3.49,4.6
UT,1985,Piute County,3.49,4.6
UT,2015,Rich County,0,0
UT,2010,Rich County,0,0
UT,2005,Rich County,0,0
UT,2000,Rich County,0,0
UT,1995,Rich County,0,0
UT,1990,Rich County,3.49,4.6
UT,1985,Rich County,3.49,4.6
UT,2015,Salt Lake County,10.22,10.22
UT,2010,Salt Lake County,5.71,5.71
UT,2005,Salt Lake County,7.55,7.55
UT,2000,Salt Lake County,12.64,12.71
UT,1995,Salt Lake County,5.94,5.94
UT,1990,Salt Lake County,3.49,4.6
UT,1985,Salt Lake County,3.49,4.6
UT,2015,San Juan County,5.4,5.4
UT,2010,San Juan County,4.46,4.46
UT,2005,San Juan County,4.58,4.58
UT,2000,San Juan County,5.59,5.59
UT,1995,San Juan County,2.03,2.03
UT,1990,San Juan County,3.49,4.6
UT,1985,San Juan County,3.49,4.6
UT,2015,Sanpete County,0,0
UT,2010,Sanpete County,0,0
UT,2005,Sanpete County,0,0
UT,2000,Sanpete County,0,0
UT,1995,Sanpete County,0,0
UT,1990,Sanpete County,3.49,4.6
UT,1985,Sanpete County,3.49,4.6
UT,2015,Sevier County,0.06,0.06
UT,2010,Sevier County,0.03,0.03
UT,2005,Sevier County,0.01,0.01
UT,2000,Sevier County,0.09,0.09
UT,1995,Sevier County,0.2,0.2
UT,1990,Sevier County,3.49,4.6
UT,1985,Sevier County,3.49,4.6
UT,2015,Summit County,0,0
UT,2010,Summit County,0,0
UT,2005,Summit County,0.04,0.04
UT,2000,Summit County,0,0
UT,1995,Summit County,0,0
UT,1990,Summit County,3.49,4.6
UT,1985,Summit County,3.49,4.6
UT,2015,Tooele County,24.02,131.37
UT,2010,Tooele County,28.72,93.6
UT,2005,Tooele County,18.62,71.38
UT,2000,Tooele County,2.27,90.95
UT,1995,Tooele County,9.54,109.78
UT,1990,Tooele County,3.49,4.6
UT,1985,Tooele County,3.49,4.6
UT,2015,Uintah County,1.56,1.56
UT,2010,Uintah County,1.71,1.71
UT,2005,Uintah County,3.38,3.39
UT,2000,Uintah County,4.83,4.86
UT,1995,Uintah County,2.73,2.73
UT,1990,Uintah County,3.49,4.6
UT,1985,Uintah County,3.49,4.6
UT,2015,Utah County,0,0
UT,2010,Utah County,0,0
UT,2005,Utah County,0,0
UT,2000,Utah County,0.31,0.31
UT,1995,Utah County,0,0
UT,1990,Utah County,3.49,4.6
UT,1985,Utah County,3.49,4.6
UT,2015,Wasatch County,0,0
UT,2010,Wasatch County,0,0
UT,2005,Wasatch County,0,0
UT,2000,Wasatch County,0,0
UT,1995,Wasatch County,0,0
UT,1990,Wasatch County,3.49,4.6
UT,1985,Wasatch County,3.49,4.6
UT,2015,Washington County,0,0
UT,2010,Washington County,0,0
UT,2005,Washington County,0.15,0.15
UT,2000,Washington County,0.14,0.14
UT,1995,Washington County,0.17,0.17
UT,1990,Washington County,3.49,4.6
UT,1985,Washington County,3.49,4.6
UT,2015,Wayne County,0,0
UT,2010,Wayne County,0,0
UT,2005,Wayne County,0,0
UT,2000,Wayne County,0,0
UT,1995,Wayne County,0,0
UT,1990,Wayne County,3.49,4.6
UT,1985,Wayne County,3.49,4.6
UT,2015,Weber County,0,107
UT,2010,Weber County,0,139.76
UT,2005,Weber County,0,75.43
UT,2000,Weber County,0.37,103.57
UT,1995,Weber County,0.36,43.11
UT,1990,Weber County,3.49,4.6
UT,1985,Weber County,3.49,4.6
WY,2015,Albany County,0.25,0.25
WY,2010,Albany County,0.09,0.09
WY,2005,Albany County,0.45,0.47
WY,2000,Albany County,0.54,0.58
WY,1995,Albany County,0.16,0.21
WY,1990,Albany County,3.49,4.6
WY,1985,Albany County,3.49,4.6
WY,2015,Big Horn County,6.43,6.48
WY,2010,Big Horn County,5.7,5.75
WY,2005,Big Horn County,17.78,17.93
WY,2000,Big Horn County,20.21,20.84
WY,1995,Big Horn County,2.18,2.79
WY,1990,Big Horn County,3.49,4.6
WY,1985,Big Horn County,3.49,4.6
WY,2015,Campbell County,48.69,58.47
WY,2010,Campbell County,53.2,63.89
WY,2005,Campbell County,54.6,65.57
WY,2000,Campbell County,56.67,69.96
WY,1995,Campbell County,43.13,55.29
WY,1990,Campbell County,3.49,4.6
WY,1985,Campbell County,3.49,4.6
WY,2015,Carbon County,1.62,1.62
WY,2010,Carbon County,0.18,0.18
WY,2005,Carbon County,3.11,3.11
WY,2000,Carbon County,3.01,3.15
WY,1995,Carbon County,3.61,4.63
WY,1990,Carbon County,3.49,4.6
WY,1985,Carbon County,3.49,4.6
WY,2015,Converse County,5.66,6.72
WY,2010,Converse County,5.51,6.77
WY,2005,Converse County,4.67,5.72
WY,2000,Converse County,16.49,20.95
WY,1995,Converse County,6.36,8.15
WY,1990,Converse County,3.49,4.6
WY,1985,Converse County,3.49,4.6
WY,2015,Crook County,1.42,1.51
WY,2010,Crook County,4.14,4.41
WY,2005,Crook County,6.07,6.46
WY,2000,Crook County,5.19,5.82
WY,1995,Crook County,5.13,6.58
WY,1990,Crook County,3.49,4.6
WY,1985,Crook County,3.49,4.6
WY,2015,Fremont County,5.3,5.3
WY,2010,Fremont County,0.32,0.32
WY,2005,Fremont County,6.29,6.29
WY,2000,Fremont County,14.2,14.24
WY,1995,Fremont County,0.59,0.76
WY,1990,Fremont County,3.49,4.6
WY,1985,Fremont County,3.49,4.6
WY,2015,Goshen County,0,0
WY,2010,Goshen County,0,0
WY,2005,Goshen County,0.03,0.03
WY,2000,Goshen County,0.01,0.01
WY,1995,Goshen County,0.82,1.05
WY,1990,Goshen County,3.49,4.6
WY,1985,Goshen County,3.49,4.6
WY,2015,Hot Springs County,7.54,7.54
WY,2010,Hot Springs County,0.05,0.05
WY,2005,Hot Springs County,12.67,12.67
WY,2000,Hot Springs County,26.05,26.05
WY,1995,Hot Springs County,0.82,1.05
WY,1990,Hot Springs County,3.49,4.6
WY,1985,Hot Springs County,3.49,4.6
WY,2015,Johnson County,0.35,0.36
WY,2010,Johnson County,0.44,0.45
WY,2005,Johnson County,1.77,1.8
WY,2000,Johnson County,2.7,2.93
WY,1995,Johnson County,1.5,1.92
WY,1990,Johnson County,3.49,4.6
WY,1985,Johnson County,3.49,4.6
WY,2015,Laramie County,0.73,0.88
WY,2010,Laramie County,0.73,0.88
WY,2005,Laramie County,1.05,1.26
WY,2000,Laramie County,1.07,1.33
WY,1995,Laramie County,0.36,0.46
WY,1990,Laramie County,3.49,4.6
WY,1985,Laramie County,3.49,4.6
WY,2015,Lincoln County,0.61,0.73
WY,2010,Lincoln County,0.77,0.92
WY,2005,Lincoln County,0.75,0.9
WY,2000,Lincoln County,0.73,0.9
WY,1995,Lincoln County,1.07,1.37
WY,1990,Lincoln County,3.49,4.6
WY,1985,Lincoln County,3.49,4.6
WY,2015,Natrona County,3.91,3.91
WY,2010,Natrona County,1.35,1.35
WY,2005,Natrona County,24.5,24.5
WY,2000,Natrona County,39.48,39.56
WY,1995,Natrona County,12.58,16.13
WY,1990,Natrona County,3.49,4.6
WY,1985,Natrona County,3.49,4.6
WY,2015,Niobrara County,0.18,0.18
WY,2010,Niobrara County,0,0
WY,2005,Niobrara County,0.39,0.39
WY,2000,Niobrara County,1.08,1.08
WY,1995,Niobrara County,0.21,0.27
WY,1990,Niobrara County,3.49,4.6
WY,1985,Niobrara County,3.49,4.6
WY,2015,Park County,39.14,39.14
WY,2010,Park County,0.6,0.6
WY,2005,Park County,43.05,43.05
WY,2000,Park County,48.27,48.3
WY,1995,Park County,2.74,3.52
WY,1990,Park County,3.49,4.6
WY,1985,Park County,3.49,4.6
WY,2015,Platte County,0.04,0.05
WY,2010,Platte County,0.09,0.12
WY,2005,Platte County,0.13,0.17
WY,2000,Platte County,0.09,0.12
WY,1995,Platte County,0.09,0.11
WY,1990,Platte County,3.49,4.6
WY,1985,Platte County,3.49,4.6
WY,2015,Sheridan County,0.05,0.06
WY,2010,Sheridan County,0.09,0.1
WY,2005,Sheridan County,0.13,0.14
WY,2000,Sheridan County,0.28,0.33
WY,1995,Sheridan County,0.13,0.17
WY,1990,Sheridan County,3.49,4.6
WY,1985,Sheridan County,3.49,4.6
WY,2015,Sublette County,0.9,0.9
WY,2010,Sublette County,0.64,0.64
WY,2005,Sublette County,0.82,0.82
WY,2000,Sublette County,0.94,0.96
WY,1995,Sublette County,0.21,0.27
WY,1990,Sublette County,3.49,4.6
WY,1985,Sublette County,3.49,4.6
WY,2015,Sweetwater County,5.97,6.04
WY,2010,Sweetwater County,29.67,30
WY,2005,Sweetwater County,34.46,34.8
WY,2000,Sweetwater County,40.64,41.1
WY,1995,Sweetwater County,4.79,6.14
WY,1990,Sweetwater County,3.49,4.6
WY,1985,Sweetwater County,3.49,4.6
WY,2015,Teton County,0,0
WY,2010,Teton County,0.12,0.16
WY,2005,Teton County,0.25,0.33
WY,2000,Teton County,0.16,0.21
WY,1995,Teton County,0.09,0.11
WY,1990,Teton County,3.49,4.6
WY,1985,Teton County,3.49,4.6
WY,2015,Uinta County,0.05,0.05
WY,2010,Uinta County,0.19,0.19
WY,2005,Uinta County,0.46,0.47
WY,2000,Uinta County,0.45,0.47
WY,1995,Uinta County,1.31,1.68
WY,1990,Uinta County,3.49,4.6
WY,1985,Uinta County,3.49,4.6
WY,2015,Washakie County,0.37,0.38
WY,2010,Washakie County,0.34,0.35
WY,2005,Washakie County,1.49,1.52
WY,2000,Washakie County,1.46,1.51
WY,1995,Washakie County,0.83,1.06
WY,1990,Washakie County,3.49,4.6
WY,1985,Washakie County,3.49,4.6
WY,2015,Weston County,0.66,0.66
WY,2010,Weston County,0.02,0.02
WY,2005,Weston County,0.6,0.62
WY,2000,Weston County,0.62,0.67
WY,1995,Weston County,0.79,1.01
WY,1990,Weston County,3.49,4.6
WY,1985,Weston County,3.49,4.6
